{
    "src/addons/DevPandi/NodeIcons/.idea/material_theme_project_new.xml": "5bd842e84f04ebfc4e5c12ec57d8f15281cdd065ba1ce89aebcd952a9315c421",
    "src/addons/DevPandi/NodeIcons/.idea/modules.xml": "5a18e3f25da1665483a7cf44020256ce07f720d263c3b52803cf333bfd781919",
    "src/addons/DevPandi/NodeIcons/.idea/NodeIcons.iml": "e9c004d5beedb8d8501aa5456096bd5d18180f3081cd2f56e8196c44659838a2",
    "src/addons/DevPandi/NodeIcons/.idea/php.xml": "bbde3d17f2207546afb25636258d142edf1c7a6364f478aa0137a2263469817d",
    "src/addons/DevPandi/NodeIcons/.idea/vcs.xml": "6323e12648862a0a96fc0d7877672817d6cd91e2c2a3c3d78f1090db23c6e88e",
    "src/addons/DevPandi/NodeIcons/.idea/workspace.xml": "f77c00cc00a2938c2961db5d4e150244007131eb950d9434bf3c621541785551",
    "src/addons/DevPandi/NodeIcons/addon.json": "fef5eda44fecd20fcbbe9cafed277896584dd93e4f12ede15228710dcf95e611",
    "src/addons/DevPandi/NodeIcons/Admin/Controller/ForumController.php": "89fd2168a91c74230c4cb4347a441bbae1abd9d867da03b1cfe4567da19c3f82",
    "src/addons/DevPandi/NodeIcons/Listener/Listener.php": "e54fae5bec837215ea277b778d9217e992be62c891b5678da1efffec541d7392",
    "src/addons/DevPandi/NodeIcons/Setup.php": "1dfb8f26314ebaa8e27f0297d61283b9dcb0085d823aa6eca2901b802cb7e5ea",
    "src/addons/DevPandi/NodeIcons/_data/activity_summary_definitions.xml": "99d8c2563a31320d66f958fc8bda78613545f5f7959bb3cf5318805e3a3c39d2",
    "src/addons/DevPandi/NodeIcons/_data/admin_navigation.xml": "064ec797484ac00d5ee37367b50b06846d11f480d00550997712707f8fdac8c0",
    "src/addons/DevPandi/NodeIcons/_data/admin_permission.xml": "ec6fb97cebf0bceb24f1ed1d5778c1db54eeb7535fbb3e31d824840e7aa9ff87",
    "src/addons/DevPandi/NodeIcons/_data/advertising_positions.xml": "d2f7cbe844bb1df3cf878d22ff6306249245c8ff6b0b87b9b729744bec538261",
    "src/addons/DevPandi/NodeIcons/_data/api_scopes.xml": "6793eaf758f140e8137187ba20e65f4faccf53410433ae3ad7a8b3b38cb6b3b7",
    "src/addons/DevPandi/NodeIcons/_data/bb_codes.xml": "faa4ddd5f4a365e5ac39aebdcbe2d25aedf74e7eb9ea4a812766e2fd5e13bdb1",
    "src/addons/DevPandi/NodeIcons/_data/bb_code_media_sites.xml": "29762987990187b33e43cfb68c08dc917b2d3f0176613d78f8e6c453f82da3f3",
    "src/addons/DevPandi/NodeIcons/_data/class_extensions.xml": "2a4e0a1defe91f3d5899f44b16bf7966df2c58dd468aa57f6d8153bd6b70854a",
    "src/addons/DevPandi/NodeIcons/_data/code_events.xml": "8370dec3df47f91df4cf79da253446ad11b29f4ea568fe76c774e97a0379f0eb",
    "src/addons/DevPandi/NodeIcons/_data/code_event_listeners.xml": "ca7af38e64f946e6b69c08174f6d37003de03d833fae2c3514cd7d946c4e255d",
    "src/addons/DevPandi/NodeIcons/_data/content_type_fields.xml": "c7ad5472b28f465b7ac7617627707eba1b7a39d28089460d52e1ed292fc0b06a",
    "src/addons/DevPandi/NodeIcons/_data/cron.xml": "323c4284742ef24329cd6db6f288eb9736d2353f36852e1db12591e1583aea26",
    "src/addons/DevPandi/NodeIcons/_data/help_pages.xml": "a8a0c0b06cdc550438bc8a8d385af3e1e5ab3459877dfb934c1c31be59c89163",
    "src/addons/DevPandi/NodeIcons/_data/member_stats.xml": "89fb2b93ff1eca7a1f6f752248edf6090dfd24037db1446fd18ff7143f08124d",
    "src/addons/DevPandi/NodeIcons/_data/navigation.xml": "f75e1c03a45a360bbdfcd0567121665082315068475d5b0feb8b1acbb1688651",
    "src/addons/DevPandi/NodeIcons/_data/options.xml": "1cea29aa5671733d85c8fc6f7c66128eacbca5643cbb38585eb82002879b51a4",
    "src/addons/DevPandi/NodeIcons/_data/option_groups.xml": "154d7a89664b243d0bd8227c22e241f934bf7e196c83230ee23d3c0c4fba1333",
    "src/addons/DevPandi/NodeIcons/_data/permissions.xml": "7e4fc7d5826733d15ea2d8936b9bdd41afcaad810eb38e50da3c8d8eafda1550",
    "src/addons/DevPandi/NodeIcons/_data/permission_interface_groups.xml": "3177224e96458b829aa7fb24866dda9e0455a4922aee3d669b53f59a1ffdf5d1",
    "src/addons/DevPandi/NodeIcons/_data/phrases.xml": "b4cdf891b447546c2d2ca1fcd9969067981c0bd1f89b37566328bf13467c9eb4",
    "src/addons/DevPandi/NodeIcons/_data/routes.xml": "550fa64f9feedf137dd877b38c2684f94474619d2d83890dbb717a91b50da8f5",
    "src/addons/DevPandi/NodeIcons/_data/style_properties.xml": "8b8690a8512f01f219dd2da76e3d0c5f62afc1f317b87794a7331c859c36a7a8",
    "src/addons/DevPandi/NodeIcons/_data/style_property_groups.xml": "68e1879cb3846c42d978487aa8d5145ff3335fc39e58016878824d5cf3fd684c",
    "src/addons/DevPandi/NodeIcons/_data/templates.xml": "95d4b078b90e74e773cef6695ef94c742e74b8d62e6798738f11f0215a58faee",
    "src/addons/DevPandi/NodeIcons/_data/template_modifications.xml": "69788f28f584b5ee27f667ae6edd8a82f61118fe38e6e56ce477e92cee9b57d4",
    "src/addons/DevPandi/NodeIcons/_data/widget_definitions.xml": "37e46965256430f24004c2e7f08ba08f9b0d1cbcc4d70e84b3f4e3ffb713e64b",
    "src/addons/DevPandi/NodeIcons/_data/widget_positions.xml": "a29cee66134f6bc5d75ed9df1eef21096c24401915c5b5c774389c3d7bb2d5b3"
}